Force(N),Elongation(mm)
0.13373904,0.0
0.13373904,0.0
0.06686952,0.00010157537
